ID,Name,PhotoUrl
370374732,Jeffrey Spencer,https://randomuser.me/api/portraits/men/0.jpg
274787027,Armando Lynch,https://randomuser.me/api/portraits/men/60.jpg
891088308,Elmer Richardson,https://randomuser.me/api/portraits/men/31.jpg
816623891,Lori Miles,https://randomuser.me/api/portraits/women/12.jpg
748084275,Jo Holt,https://randomuser.me/api/portraits/women/32.jpg
155829581,Lillian Hughes,https://randomuser.me/api/portraits/women/21.jpg
175160633,Paul Knight,https://randomuser.me/api/portraits/men/13.jpg
776342256,Devon Murphy,https://randomuser.me/api/portraits/men/91.jpg
970733846,Ivan Beck,https://randomuser.me/api/portraits/men/91.jpg
789081744,Felecia Knight,https://randomuser.me/api/portraits/women/13.jpg
